{
  "project_info": {
    "project_number": "631492082672",
    "project_id": "womensafetyapp-3e770",
    "storage_bucket": "womensafetyapp-3e770.firebasestorage.app"
  },
  "client": [
    {
      "client_info": {
        "mobilesdk_app_id": "1:631492082672:android:cc8f909055253ffe7dfb35",
        "android_client_info": {
          "package_name": "com.example.WomenSafety_flutter_app"
        }
      },
      "oauth_client": [],
      "api_key": [
        {
          "current_key": "AIzaSyBupmD4Bpc3O3IPMSG_64acVRlWrc0-9IQ"
        }
      ],
      "services": {
        "appinvite_service": {
          "other_platform_oauth_client": []
        }
      }
    }
  ],
  "configuration_version": "1"
}